Title,Price,Date
Got Data Funny Business Data Analyst T-Shirt,15.99,2025-07-18
Got Data Funny Business Data Analyst T-Shirt,15.99,2025-07-18
Got Data Funny Business Data Analyst T-Shirt,15.99,2025-07-18
Got Data Funny Business Data Analyst T-Shirt,15.99,2025-07-18
Got Data Funny Business Data Analyst T-Shirt,15.99,2025-07-18
Got Data Funny Business Data Analyst T-Shirt,15.99,2025-07-18
Got Data Funny Business Data Analyst T-Shirt,15.99,2025-07-18
Got Data Funny Business Data Analyst T-Shirt,15.99,2025-07-18
Got Data Funny Business Data Analyst T-Shirt,15.99,2025-07-18
Got Data Funny Business Data Analyst T-Shirt,15.99,2025-07-18
Got Data Funny Business Data Analyst T-Shirt,15.99,2025-07-18
Got Data Funny Business Data Analyst T-Shirt,15.99,2025-07-18
Got Data Funny Business Data Analyst T-Shirt,15.99,2025-07-18
